accuracy,precision,recall,f1
0.5012224938875306,0.13782153064464908,0.5571245186136072,0.22097759674134418
